﻿"C008,BEGOLE S.A.,rafael;cortes,Argentina,M,0.1,Consumer"
"C009,Alfreds Futterkiste,maria;anders,Argentina,F,0.07,Consumer"
"C010,Ana Trujillo Emparedados y helados,ana;trujillo,Argentina,F,0.05,Consumer"
"C011,Antonio Moreno Taquería,antonio;moreno,Argentina,M,0.04,Consumer"
"C012,Around the Horn,thomas;hardy,Argentina,M,0,Consumer"
"C013,Berglunds snabbköp,christina;berglund,Argentina,F,0,Consumer"
"C014,Blauer See Delikatessen,hanna;moos,Argentina,F,0.1,Consumer"
"C015,Blondel père et fils,frédérique;citeaux,Argentina,M,0.07,Home Office"
"C016,Bólido Comidas preparadas,martín;sommer,Argentina,M,0.05,Home Office"
"C017,Bon app,laurence;lebihan,Argentina,M,0.04,Home Office"
