﻿"C018,RUDESCO S.A.,guillermo;fernandez,Bolivia,M,0.1,Corporate"
"C019,INVERSIONES VIENA S.A.,daniela;franco,Bolivia,F,0.03,Corporate"
"C020,Bottom-Dollar Markets,elizabeth;lincoln,Bolivia,F,0.1,Corporate"
"C021,B'os Beverages,victoria;ashworth,Bolivia,F,0.1,Corporate"
"C022,Cactus Comidas para llevar,patricio;simpson,Bolivia,M,0.03,Corporate"
"C023,Centro comercial Moctezuma,francisco;chang,Bolivia,M,0.1,Consumer"
"C024,Chop-suey Chinese,yang;wang,Bolivia,M,0.05,Consumer"
"C025,Comércio Mineiro,pedro;afonso,Bolivia,M,0.03,Home Office"
"C026,Consolidated Holdings,elizabeth;brown,Bolivia,F,0.03,Corporate"
"C027,Drachenblut Delikatessen,sven;ottlieb,Bolivia,M,0,Corporate"
