﻿"C034,SOUTH AMERICAN ENGINEERING INC,camilo;berrio,Chile,M,0.03,Corporate"
"C035,DIGALI S.A.,francisco;arias,Chile,M,0.1,Consumer"
"C036,Familia Arquibaldo,aria;cruz,Chile,F,0.05,Home Office"
"C037,FISSA Fabrica Inter. Salchichas S.A.,diego;roel,Chile,M,0.03,Home Office"
"C038,Folies gourmandes,martine;rancé,Chile,M,0.03,Corporate"
"C039,Folkd och fä HB,maria;larsson,Chile,F,0.05,Corporate"
"C040,Frankenversand,peter;franken,Chile,M,0.03,Corporate"
"C041,France restauration,carine;schmitt,Chile,F,0.05,Corporate"
"C042,Franchi S.p.A.,paolo;accorti,Chile,M,0.03,Corporate"
"C043,Furia Bacalhau e Frutos do Mar,lino;rodriguez,Chile,M,0.05,Corporate"
"C044,Galería del gastrónomo,eduardo;saavedra,Chile,M,0.03,Corporate"
"C045,Godos Cocina Típica,josé;freyre,Chile,M,0.1,Consumer"
"C046,Gourmet Lanchonetes,andré;fonseca,Chile,M,0.1,Consumer"
"C047,Great Lakes Food Market,howard;snyder,Chile,M,0.1,Consumer"
"C048,GROSELLA-Restaurante,manuel;pereira,Chile,M,0.05,Consumer"
"C049,Hanari Carnes,mario;pontes,Chile,M,0.05,Consumer"
"C050,HILARIÓN-Abastos,carlos;hernández,Chile,M,0.03,Corporate"
"C051,Hungry Coyote Import Store,yoshi;latimer,Chile,M,0.03,Corporate"
"C052,Hungry Owl All-Night Grocers,patricia;mckenna,Chile,F,0.05,Corporate"
"C053,Island Trading,helen;bennett,Chile,F,0.03,Home Office"
"C054,Königlich Essen,philip;cramer,Chile,M,0.05,Home Office"
"C055,La corne d'abondance,daniel;tonini,Chile,M,0.05,Home Office"
"C056,La maison d'Asie,annette;roulet,Chile,F,0.03,Home Office"
"C057,Laughing Bacchus Wine Cellars,yoshi;tannamuri,Chile,M,0.1,Home Office"
"C058,Lazy K Kountry Store,john;steel,Chile,M,0.03,Home Office"
"C059,Lehmanns Marktstand,renate;messner,Chile,M,0.1,Home Office"
"C060,Let's Stop N Shop,jaime;yorres,Chile,M,0.03,Home Office"
