﻿"C061,SUMAZARI S.A,jeronimo;burgos,Colombia,M,0.05,Corporate"
"C062,PROMOTORA DE PROYECTOS S. A.  ,jose;carmona,Colombia,M,0.03,Corporate"
"C063,GILBERTO HURTADO Y CIA. S.C.A.,david;lemus,Colombia,M,0.03,Corporate"
"C064,RESTREPO CASTRO Y CIA S.C.S.,pedro;cardenas,Colombia,M,0.05,Corporate"
"C065,LILA-Supermercado,carlos;gonzález,Colombia,M,0.1,Corporate"
"C066,LINO-Delicateses,felipe;izquierdo,Colombia,M,0.07,Corporate"
"C067,Lonesome Pine Restaurant,fran;wilson,Colombia,M,0.05,Corporate"
"C068,Magazzini Alimentari Riuniti,giovanni;rovelli,Colombia,M,0.04,Corporate"
"C069,Maison Dewey,catherine;dewey,Colombia,F,0,Corporate"
"C070,Mère Paillarde,jean;fresnière,Colombia,M,0,Home Office"
"C071,Morgenstern Gesundkost,alexander;feuer,Colombia,M,0.1,Home Office"
"C072,North/South,simon;crowther,Colombia,M,0.07,Home Office"
"C073,Océano Atlántico Ltda.,yvonne;moncada,Colombia,F,0.05,Home Office"
"C074,Old World Delicatessen,rene;phillips,Colombia,M,0.04,Home Office"
"C075,Ottilies Käseladen,henriette;pfalzheim,Colombia,M,0.1,Home Office"
"C076,Paris spécialités,marie;bertrand,Colombia,F,0.03,Home Office"
"C077,Pericles Comidas clásicas,guillermo;fernández,Colombia,M,0.1,Home Office"
"C078,Piccolo und mehr,georg;pipps,Colombia,M,0.1,Home Office"
"C079,Princesa Isabel Vinhos,isabel;castro,Colombia,F,0.03,Home Office"
"C080,Que Delícia,bernardo;batista,Colombia,M,0.1,Home Office"
"C081,Queen Cozinha,lúcia;carvalho,Colombia,F,0.05,Home Office"
"C082,Quick-Stop,horst;kloss,Colombia,M,0.03,Home Office"
"C083,Rancho grande,sergio;gutiérrez,Colombia,M,0.03,Home Office"
"C084,Rattlesnake Canyon Grocery,paula;wilson,Colombia,F,0,Consumer"
"C085,Reggiani Caseifici,maurizio;moroni,Colombia,M,0.1,Consumer"
"C086,Ricardo Adocicados,janete;limeira,Colombia,F,0.1,Consumer"
"C087,Richter Supermarkt,michael;holz,Colombia,M,0.04,Consumer"
"C088,Romero y tomillo,alejandra;camino,Colombia,F,0.1,Consumer"
"C089,Santé Gourmet,jonas;bergulfsen,Colombia,M,0.03,Consumer"
"C090,Save-a-lot Markets,jose;pavarotti,Colombia,M,0.1,Consumer"
"C091,Seven Seas Imports,hari;kumar,Colombia,M,0.03,Consumer"
"C092,Simons bistro,jytte;petersen,Colombia,F,0.1,Consumer"
