﻿"C093,INVERSIONES CAMPOAMALIA S.A.,camila;restrepo,Costa Rica,F,0.03,Corporate"
"C094,TINZUQUE LTDA,jose;aristizabal,Costa Rica,M,0.05,Corporate"
"C095,SOCIEDAD DE COMERCIALIZACION INTERNACIONAL INDUAGRICOLA LIMITADA,karym;vargas,Costa Rica,F,0.03,Corporate"
"C096,FLORES HORIZONTE LTDA SOCIEDAD COMERCIALIZADORA,liliana;perez,Costa Rica,F,0.05,Corporate"
"C097,Spécialités du monde,dominique;perrier,Costa Rica,M,0.05,Corporate"
"C098,Splitt Rail Beer & Ale,art;braunschweiger,Costa Rica,M,0.03,Corporate"
"C099,Suprêmes délices,pascale;cartrain,Costa Rica,M,0.03,Corporate"
"C100,The Big Cheese,liz;nixon,Costa Rica,F,0,Corporate"
"C101,The Cracker Box,liu;wong,Costa Rica,M,0.1,Corporate"
"C102,Toms Spezialitäten,karin;josephs,Costa Rica,F,0.1,Home Office"
"C103,Tortuga Restaurante,miguel;paolino,Costa Rica,M,0,Home Office"
"C104,Tradição Hipermercados,anabela;domingues,Costa Rica,F,0.1,Consumer"
"C105,Trail's Head Gourmet Provisioners,helvetius;nagy,Costa Rica,M,0.03,Consumer"
"C106,Vaffeljernet,palle;ibsen,Costa Rica,M,0.1,Consumer"
