﻿"C113,INVERITAKA LTDA,antonio;merizalde,Mexico,M,0.03,Corporate"
"C114,CORPORACION DE INVERSIONES Y CONSTRUCCIONES LTDA.,karen;restrepo,Mexico,F,0.03,Corporate"
"C115,AGROPECUARIA LOS LLANOS LIMITADA,juan;caballero,Mexico,M,0.05,Corporate"
"C116,LG INDUSTRIAL SYSTEMS DE COLOMBIA S A,anibal;medina,Mexico,M,0.03,Home Office"
"C117,MITSUBISHI CORPORATION SUCURSAL EN COLOMBIA,gloria;gonzalez,Mexico,F,0.05,Home Office"
"C118,SOCIEDAD DE COMERCIALIZACION INTTERNACIONAL PRODUCTOS EL CARTUCHO S.A.,vanessa;villegas,Mexico,F,0.05,Home Office"
"C119,Victuailles en stock,mary;saveley,Mexico,F,0.03,Home Office"
"C120,Vins et alcools Chevalier,paul;henriot,Mexico,M,0.1,Home Office"
"C121,Die Wandernde Kuh,rita;müller,Mexico,F,0.03,Home Office"
"C122,Wartian Herkku,pirkko;koskitalo,Mexico,M,0.1,Home Office"
"C123,Wellington Importadora,paula;parente,Mexico,F,0.1,Home Office"
"C124,White Clover Markets,karl;jablonski,Mexico,M,0.1,Consumer"
"C125,Wilman Kala,matti;karttunen,Mexico,M,0.05,Consumer"
"C126,Wolski  Zajazd,zbyszek;piestrzeniewicz,Mexico,F,0.05,Consumer"
"C127,Teriyaki Sushi Bar,rubén;cárdenas,Mexico,M,0.03,Consumer"
"C128,El Caracol Azul,nestor;mora,Mexico,M,0,Consumer"
"C129,Vitto Restaurante,martha;molano,Mexico,F,0.05,Consumer"
"C130,Restaurante Mister Ribs,alfonzo;blanco,Mexico,M,0,Consumer"
"C131,Osaki Zona G Artisan,maría;soliz,Mexico,F,0.05,Consumer"
"C132,Parrilla el día que me quieras,leonardo;hoz,Mexico,M,0.05,Consumer"
