﻿"C133,DISTRIBUIDORA CALYPSO BOGOTA LTDA,estefania;villegas,Peru,F,0.03,Home Office"
"C134,LINHAMDAN ARBOLEDA & COMPANIA S EN C.,marcela;santis,Peru,F,0.1,Home Office"
"C135,COMPAÑIA COMERCIAL DE MAQUINARIA LTDA,javier;santana,Peru,M,0.03,Home Office"
"C136,INCUBADORA DEL CENTRO S.A..,alicia;beltran,Peru,F,0.1,Home Office"
"C137,TURFIN S.A.,paula;jaramillo,Peru,F,0.03,Home Office"
"C138,INVERSIONES Y NEGOCIOS S.A.,eliana;ramirez,Peru,F,0.03,Home Office"
"C139,El cielo,patricia;ovalle,Peru,F,0.03,Home Office"
"C140,Restaurante Malevo,sonia;cadavid,Peru,F,0.03,Corporate"
"C141,Herbario Restaurante,carlos;muñoz,Peru,M,0,Corporate"
"C142,RESTAURANTE BARCAL,juan;marquez,Peru,M,0.1,Consumer"
"C143,Semolina,samuel;arrieta,Peru,M,0.1,Consumer"
"C144,Restaurante HAMACHI,marta;diaz,Peru,F,0,Consumer"
